,Supplier_Lead_Time,Inventory_Levels,Order_Frequency,Delivery_Performance,Cost_Per_Unit
Supplier_Lead_Time,1.0,0.33182523489503424,-0.8514831897544894,-0.8900524168332692,0.9618753539952245
Inventory_Levels,0.33182523489503424,1.0,-0.3049615982291217,-0.2740662059581979,0.33692972378280905
Order_Frequency,-0.8514831897544894,-0.3049615982291217,1.0,0.7533887722311451,-0.8280218884207838
Delivery_Performance,-0.8900524168332692,-0.2740662059581979,0.7533887722311451,1.0,-0.8626778654779907
Cost_Per_Unit,0.9618753539952245,0.33692972378280905,-0.8280218884207838,-0.8626778654779907,1.0
